32,-6
32.1301028760185,-6.01597739944837
32.2602104153508,-6.03192615846135
32.3903226350469,-6.04784447308057
32.5204395521571,-6.06373053934765
32.6505611837315,-6.07958255330423
32.7806875468202,-6.09539871099194
32.9108186584734,-6.1111772084524
33.0409545357413,-6.12691624172725
33.1710951956739,-6.1426140068581
33.3012406553215,-6.1582686998866
33.4313909317342,-6.17387851685437
33.5615460419622,-6.18944165380304
33.6917060030555,-6.20495630677423
33.8218708320644,-6.22042067180959
33.9520405460389,-6.23583294495073
34.0822151620294,-6.25119132223929
34.2123946970858,-6.26649399971689
34.3425791682584,-6.28173917342517
34.4727685925972,-6.29692503940575
34.6029629871526,-6.31204979370026
34.7331623689745,-6.32711163235034
34.8633667551132,-6.3421087513976
34.9935761626188,-6.35703934688369
35.1237906085415,-6.37190161485022
35.2540101099313,-6.38669375133883
35.3842346838386,-6.40141395239115
35.5144643473133,-6.4160604140488
35.6446991174057,-6.43063133235342
35.7749390111659,-6.44512490334664
35.9051840456441,-6.45953932307007
36.0354342378903,-6.47387278756536
36.1656896049549,-6.48812349287413
36.2959501638879,-6.50228963503802
36.4262159317394,-6.51636941009864
36.5564869255596,-6.53036101409763
36.6867631623987,-6.54426264307661
36.8170446593069,-6.55807249307723
36.9473314333342,-6.5717887601411
37.0776235015308,-6.58540964030985
37.2079208809469,-6.59893332962512
37.3382235886326,-6.61235802412854
37.4685316416381,-6.62568191986172
37.5988450570135,-6.63890321286631
37.729163851809,-6.65202009918393
37.8594880430747,-6.6650307748562
37.9898176478608,-6.67793343592477
38.1201526832175,-6.69072627843125
38.2504931661948,-6.70340749841728
38.3808391138429,-6.71597529192449
38.511190543212,-6.7284278549945
38.6415474713523,-6.74076338366894
38.7719099153138,-6.75298007398945
38.9022778921468,-6.76507612199765
39.0326514189013,-6.77704972373518
39.1630305126276,-6.78889907524365
39.2934151903758,-6.8006223725647
39.423805469196,-6.81221781173996
39.5542013661384,-6.82368358881106
39.6846028982532,-6.83501789981963
39.8150100825904,-6.84621894080729
39.9454229362003,-6.85728490781567
40.0758414761329,-6.86821399688641
40.2062657194385,-6.87900440406114
40.3366956831672,-6.88965432538147
40.4671313843692,-6.90016195688905
40.5975728400945,-6.9105254946255
40.7280200673934,-6.92074313463245
40.858473083316,-6.93081307295152
40.9889319049125,-6.94073350562436
41.1193965492329,-6.95050262869258
41.2498670333275,-6.96011863819781
41.3803433742464,-6.96957973018169
41.5108255890397,-6.97888410068585
41.6413136947577,-6.98802994575191
41.7718077084504,-6.9970154614215
41.902307647168,-7.00583884373625
42.0328135279606,-7.01449828873779
42.1633253678785,-7.02299199246776
42.2938431839718,-7.03131815096777
42.4243669932905,-7.03947496027945
42.5548968128849,-7.04746061644445
42.6854326598051,-7.05527331550438
42.8159745511013,-7.06291125350088
42.9465225038236,-7.07037262647557
43.0770765350221,-7.07765563047008
43.2076366617471,-7.08475846152604
43.3382029010486,-7.09167931568509
43.4687752699768,-7.09841638898885
43.5993550543516,-7.10502120086538
43.7299451728848,-7.11161800416155
43.8605456003305,-7.11821108857108
43.9911561845063,-7.12479948470012
44.1217767732302,-7.13138222315484
44.2524072143199,-7.13795833454138
44.3830473555932,-7.14452684946591
44.513697044868,-7.15108679853457
44.644356129962,-7.15763721235354
44.7750244586931,-7.16417712152896
44.905701878879,-7.17070555666699
45.0363882383376,-7.17722154837378
45.1670833848866,-7.1837241272555
45.2977871663439,-7.19021232391829
45.4284994305273,-7.19668516896832
45.5592200252545,-7.20314169301174
45.6899487983434,-7.20958092665471
45.8206855976117,-7.21600190050338
45.9514302708774,-7.22240364516391
46.0821826659581,-7.22878519124246
46.2129426306717,-7.23514556934518
46.343710012836,-7.24148381007823
46.4744846602688,-7.24779894404776
46.6052664207879,-7.25409000185993
46.7360551422111,-7.2603560141209
46.8668506723562,-7.26659601143682
46.997652859041,-7.27280902441386
47.1284615500834,-7.27899408365816
47.259276593301,-7.28515021977588
47.3900978365118,-7.29127646337318
47.5209251275335,-7.29737184505622
47.6517583141839,-7.30343539543114
47.7825972442808,-7.30946614510412
47.9134417656421,-7.3154631246813
48.0442917260855,-7.32142536476883
48.1751469734289,-7.32735189597289
48.30600735549,-7.33324174889961
48.4368727200867,-7.33909395415517
48.5677429150367,-7.34490754234571
48.6986177881578,-7.35068154407739
48.829497187268,-7.35641498995637
48.9603809601849,-7.3621069105888
49.0912689547263,-7.36775633658084
49.2221610187102,-7.37336229853865
49.3530569999542,-7.37892382706838
49.4839567462762,-7.38443995277619
49.614860105494,-7.38990970626823
49.7457669254253,-7.39533211815067
49.8766770538881,-7.40070621902965
50.0075903387,-7.40603103951134
50.138506627679,-7.41130561020189
50.2694257686427,-7.41652896170745
50.4003476094091,-7.42170012463419
50.5312719977959,-7.42681812958825
50.6621987816209,-7.4318820071758
50.7931278087019,-7.43689078800299
50.9240589268567,-7.44184350267598
51.0549919839031,-7.44673918180092
51.185926827659,-7.45157685598398
51.3168633059421,-7.4563555558313
51.4478012665703,-7.46107431194904
51.5787405573613,-7.46573215494336
51.7096810261329,-7.47032811542041
51.840622520703,-7.47486122398636
51.9715648888893,-7.47933051124736
52.1025079785097,-7.48373500780955
52.2334516373819,-7.48807374427911
52.3643957133238,-7.49234575126219
52.4953400541532,-7.49655005936494
52.6262845076879,-7.50068569919352
52.7572289217456,-7.50475170135408
52.8881731441442,-7.50874709645278
53.0191170227014,-7.51267091509578
53.1500604052352,-7.51652218788924
53.2810031395633,-7.52029994543931
53.4119450735034,-7.52400321835214
53.5428860548734,-7.5276310372339
53.6738259314912,-7.53118243269073
53.8047645511744,-7.5346564353288
53.935701761741,-7.53805207575426
54.0666374110086,-7.54136838457327
54.1975713467952,-7.54460439239199
54.3285034169185,-7.54775912981656
54.4594334691963,-7.55083162745315
54.5903613514464,-7.55382091590791
54.7212869114867,-7.55672602578701
54.8522099971349,-7.55954598769658
54.9831304562089,-7.5622798322428
55.1140481365263,-7.56492659003182
55.2449628859052,-7.56748529166979
55.3758745521632,-7.56995496776288
55.5067829831181,-7.57233464891723
55.6376880265878,-7.574623365739
55.76858953039,-7.57682014883435
55.8994873423426,-7.57892402880944
56.0303813102634,-7.58093403627042
56.1612712819701,-7.58284920182344
56.2921571052807,-7.58466855607467
56.4230386280128,-7.58639112963027
56.5539156979843,-7.58801595309637
56.6847881630129,-7.58954205707916
56.8156558709166,-7.59096847218477
56.946518669513,-7.59229422901936
57.0773764066201,-7.5935183581891
57.2082289300555,-7.59463989030014
57.3390760876372,-7.59565785595863
57.4699177271829,-7.59657128577073
57.6007536965103,-7.5973792103426
57.7315838434374,-7.59808066028039
57.8624080157819,-7.59867466619026
57.9932260613617,-7.59916025867837
58.1240378279944,-7.59953646835087
58.254843163498,-7.59980232581391
58.3856419156903,-7.59995686167367
58.5164347341602,-7.59999813092577
58.6472825905881,-7.59985038124647
58.7782207816022,-7.59946782984141
58.9092452892123,-7.5988522875786
59.0403520954282,-7.59800556532608
59.17153718226,-7.59692947395186
59.3027965317174,-7.59562582432395
59.4341261258104,-7.59409642731039
59.5655219465488,-7.59234309377919
59.6969799759426,-7.59036763459836
59.8284961960015,-7.58817186063594
59.9600665887356,-7.58575758275995
60.0916871361546,-7.58312661183839
60.2233538202684,-7.5802807587393
60.355062623087,-7.57722183433069
60.4868095266202,-7.57395164948058
60.6185905128779,-7.57047201505699
60.75040156387,-7.56678474192795
60.8822386616064,-7.56289164096148
61.0140977880969,-7.55879452302559
61.1459749253515,-7.5544951989883
61.2778660553799,-7.54999547971764
61.4097671601922,-7.54529717608162
61.5416742217981,-7.54040209894827
61.6735832222077,-7.53531205918561
61.8054901434306,-7.53002886766165
61.9373909674769,-7.52455433524442
62.0692816763564,-7.51889027280194
62.201158252079,-7.51303849120223
62.3330166766546,-7.5070008013133
62.4648529320931,-7.50077901400318
62.5966630004043,-7.49437494013989
62.7284428635981,-7.48779039059145
62.8601885036844,-7.48102717622587
62.9918959026732,-7.47408710791119
63.1235610425742,-7.46697199651542
63.2551799053974,-7.45968365290658
63.3867484731526,-7.45222388795269
63.5182627278497,-7.44459451252176
63.6497186514987,-7.43679733748183
63.7811122261094,-7.42883417370092
63.9124394336916,-7.42070683204703
64.0436962562553,-7.4124171233882
64.1748786758103,-7.40396685859244
64.3059826743666,-7.39535784852777
64.4370042339339,-7.38659190406221
64.5679393365223,-7.37767083606379
64.6987839641415,-7.36859645540053
64.8295340988015,-7.35937057294043
64.9601857225121,-7.34999499955154
65.0907348172833,-7.34047154610186
65.2211773651248,-7.33080202345941
65.3515093480467,-7.32098824249222
65.4817267480587,-7.3110320140683
65.6118255471708,-7.30093514905568
65.7418017273928,-7.29069945832238
65.8716512707347,-7.28032675273641
66.0013701592062,-7.26981884316581
66.1309543748173,-7.25917754047857
66.2603998995779,-7.24840465554274
66.3897027154979,-7.23750199922633
66.5188588045871,-7.22647138239736
66.6478641488554,-7.21531461592384
66.7767147303127,-7.2040335106738
66.9054065309689,-7.19262987751527
67.0339355328339,-7.18110552731625
67.1622977179175,-7.16946227094477
67.2904890682296,-7.15770191926886
67.4185055657802,-7.14582628315652
67.5463431925791,-7.13383717347579
67.6739979306361,-7.12173640109468
67.8014657619613,-7.10952577688121
67.9287526530117,-7.09716707009333
68.0561151380837,-7.0836113329878
68.1836541342487,-7.0684185587369
68.3113520408937,-7.0516217155405
68.4391912574059,-7.03325377159846
68.5671541831722,-7.01334769511068
68.69522321758,-6.99193645427703
68.8233807600162,-6.96905301729738
68.951609209868,-6.94473035237161
69.0798909665226,-6.91900142769961
69.2082084293669,-6.89189921148124
69.3365439977882,-6.86345667191638
69.4648800711735,-6.83370677720492
69.59319904891,-6.80268249554672
69.7214833303847,-6.77041679514167
69.8497153149848,-6.73694264418965
69.9778774020975,-6.70229301089052
70.1059519911097,-6.66650086344417
70.2339214814087,-6.62959917005047
70.3617682723815,-6.59162089890931
70.4894747634153,-6.55259901822056
70.6170233538972,-6.51256649618409
70.7443964432142,-6.47155630099978
70.8715764307535,-6.42960140086752
70.9985457159023,-6.38673476398717
71.1252866980475,-6.34298935855862
71.2517817765764,-6.29839815278174
71.3780133508761,-6.25299411485641
71.5039638203336,-6.20681021298251
71.6296155843361,-6.15987941535991
71.7549510422707,-6.11223469018849
71.8799525935245,-6.06390900566813
72.0046026374847,-6.0149353299987
72.1288835735382,-5.96534663138009
72.2527778010724,-5.91517587801217
72.3762677194741,-5.86445603809481
72.4993357281307,-5.8132200798279
72.6219642264291,-5.76150097141131
72.7441356137566,-5.70933168104492
72.8658322895002,-5.6567451769286
72.987036653047,-5.60377442726224
73.1077311037841,-5.5504524002457
73.2278980410987,-5.49681206407888
73.3475198643779,-5.44288638696164
73.4665789730088,-5.38870833709386
73.5850577663785,-5.33431088267542
73.7029386438741,-5.2797269919062
73.8202040048827,-5.22498963298607
73.9368362487915,-5.17013177411491
74.0528177749875,-5.1151863834926
74.1681309828579,-5.06018642931901
74.2827582717898,-5.00516487979402
74.3966820411702,-4.95015470311752
74.5098864852419,-4.89518184009362
74.6226272287362,-4.8392188055294
74.7350893929613,-4.78154550441274
74.8472645480579,-4.7222062020123
74.9591442641667,-4.66124516359671
75.0707201114285,-4.59870665443463
75.181983659984,-4.53463493979469
75.2929264799739,-4.46907428494555
75.4035401415389,-4.40206895515586
75.5138162148199,-4.33366321569425
75.6237462699575,-4.26390133182938
75.7333218770924,-4.19282756882989
75.8425346063654,-4.12048619196443
75.9513760279172,-4.04692146650164
76.0598377118885,-3.97217765771017
76.1679112284201,-3.89629903085868
76.2755881476527,-3.8193298512158
76.382860039727,-3.74131438405017
76.4897184747838,-3.66229689463045
76.5961550229638,-3.58232164822529
76.7021612544077,-3.50143291010332
76.8077287392563,-3.4196749455332
76.9128490476502,-3.33709201978357
77.0175137497302,-3.25372839812308
77.1217144156371,-3.16962834582038
77.2254426155115,-3.0848361281441
77.3286899194943,-2.99939601036291
77.431447897726,-2.91335225774543
77.5337081203476,-2.82674913556033
77.6354621574996,-2.73963090907624
77.7367015793228,-2.65204184356182
77.837417955958,-2.56402620428571
77.9376028575459,-2.47562825651655
78.0372478542271,-2.38689226552299
78.1363445161426,-2.29786249657368
78.2348844134329,-2.20858321493727
78.3328591162388,-2.11909868588239
78.430260194701,-2.02945317467771
78.5270792189603,-1.93969094659186
78.6233077591573,-1.84985626689349
78.7189373854329,-1.75999340085124
78.8139596679278,-1.67014661373377
78.9083661767826,-1.58036017080972
79.0021484821382,-1.49067833734773
79.0952981541352,-1.40114537861646
79.1878067629143,-1.31180555988454
79.2802854442674,-1.22239734155357
79.3736900768239,-1.13244093647361
79.4679449450902,-1.04193134373158
79.5629596832772,-0.950870552080302
79.6586439255961,-0.859260550272571
79.7549073062576,-0.767103327061183
79.8516594594728,-0.674400871198939
79.9488100194526,-0.581155171438633
80.046268620408,-0.487368216533074
80.1439448965499,-0.393041995235057
80.2417484820893,-0.298178496297376
80.3395890112371,-0.202779708472847
80.4373761182043,-0.106847620514252
80.5350194372019,-0.010384221174391
80.6324286024407,0.0866085007939255
80.7295132481318,0.184128556637903
80.8261830084861,0.282173957604749
80.9223475177145,0.380742714941652
81.017916410028,0.479832839895819
81.1127993196377,0.579442343714449
81.2069058807543,0.679569237644749
81.3001457275889,0.780211532933909
81.3924284943524,0.881367240829135
81.4836638152558,0.983034372577632
81.5737613245101,1.08521093942658
81.6626306563261,1.18789495262321
81.7501814449149,1.29108442341471
81.8363233244874,1.39477736304827
81.9209659292545,1.4989717827711
82.0040188934273,1.60366569383041
82.0853918512165,1.70885710747338
82.1649944368334,1.81454403494722
82.2427362844886,1.92072448749914
82.3185270283933,2.02739647637633
82.3922763027584,2.13455801282599
82.4638937417948,2.24220710809532
82.5332889797135,2.35034177343153
82.6003716507254,2.45896002008181
82.6650513890415,2.56805985929336
82.7272378288728,2.67763930231339
82.7868406044302,2.7876963603891
82.8437693499246,2.89822904476768
82.897933699567,3.00923536669634
82.9492432875684,3.12071333742228
82.9976077481397,3.23266096819268
83.0429367154919,3.34507627025478
83.0851398238359,3.45795725485576
83.1247573644447,3.57144134626405
83.1640678753245,3.68602983709197
83.2032621329737,3.80173782624577
83.2423121847034,3.91853100001057
83.2811900778245,4.03637504467149
83.319867859648,4.15523564651365
83.3583175774849,4.27507849182215
83.3965112786461,4.39586926688213
83.4344210104427,4.51757365797869
83.4720188201855,4.64015735139696
83.5092767551855,4.76358603342204
83.5461668627538,4.88782539033906
83.5826611902012,5.01284110843314
83.6187317848388,5.13859887398938
83.6543506939775,5.26506437329291
83.6894899649282,5.39220329262885
83.724121645002,5.51998131828231
83.7582177815099,5.6483641365384
83.7917504217627,5.77731743368226
83.8246916130715,5.90680689599898
83.8570134027472,6.03679820977369
83.8886878381008,6.1672570612915
83.9196869664432,6.29814913683755
83.9499828350855,6.42944012269693
83.9795474913385,6.56109570515475
84.0083529825133,6.69308157049616
84.0363713559209,6.82536340500626
84.0635746588721,6.95790689497017
84.0899349386781,7.090677726673
84.1154242426496,7.22364158639988
84.1400146180978,7.35676416043591
84.1636781123335,7.49001113506622
84.1863867726677,7.62334819657592
84.2081126464115,7.75674103125012
84.2288277808757,7.89015532537396
84.2485042233714,8.02355676523254
84.2671140212095,8.15691103711097
84.2846292217009,8.29018382729439
84.3010218721567,8.4233408220679
84.3162640198879,8.55634770771661
84.3303277122052,8.68917017052566
84.3431849964199,8.82177389678015
84.3548079198428,8.9541245727652
84.3651685297848,9.08618788476593
84.374238873557,9.21792951906746
84.3819909984703,9.3493151619549
84.3883969518358,9.48031049971336
84.3934287809642,9.61088121862798
84.3970585331667,9.74099300498385
84.3992582557542,9.87061154506611
84.3999999960377,9.99970252515986
84.3992016940893,10.128822726775
84.3968259374876,10.2585251658436
84.3929126529928,10.388761637533
84.3875017677153,10.5194839338309
84.3806332087656,10.6506438467253
84.372346903254,10.7821931682041
84.3626827782909,10.9140836902553
84.3516807609868,11.0462672048667
84.3393807784521,11.1786955040262
84.3258227577972,11.3113203797219
84.3110466261326,11.4440936239415
84.2950923105685,11.576967028673
84.2779997382156,11.7098923859043
84.2598088361841,11.8428214876234
84.2405595315845,11.9757061258181
84.2202917515271,12.1084980924764
84.1990454231226,12.2411491795861
84.1768604734811,12.3736111791353
84.1537768297132,12.5058358831117
84.1298344189293,12.6377750835034
84.1050731682397,12.7693805722982
84.079533004755,12.900604141484
84.0532538555855,13.0313975830488
84.0262756478416,13.1617126889805
83.9986383086338,13.291501251267
83.9703817650724,13.4207150618962
83.9415459442679,13.549305912856
83.9121707733307,13.6772255961343
83.8822961793713,13.8044259037191
83.8519620894999,13.9308586275983
83.8212084308272,14.0564755597597
83.7900751304634,14.1812284921913
83.7586021155189,14.3050692168811
83.7268293131043,14.4279495258169
83.6947966503298,14.5498212109866
83.6625440543061,14.6706360643782
83.6301114521433,14.7903458779795
83.5975297598635,14.9089070261548
83.5630447784075,15.0271850762699
83.5253880709695,15.1458034522296
83.484652211826,15.2646945136266
83.4409297752538,15.3837906200537
83.3943133355295,15.5030241311037
83.3448954669299,15.6223274063693
83.2927687437316,15.7416328054432
83.2380257402114,15.8608726879183
83.1807590306459,15.9799794133873
83.1210611893118,16.0988853414429
83.0590247904858,16.2175228316779
82.9947424084446,16.3358242436852
82.9283066174649,16.4537219370573
82.8598099918235,16.5711482713872
82.7893451057969,16.6880356062675
82.7170045336618,16.804316301291
82.6428808496951,16.9199227160505
82.5670666281733,17.0347872101387
82.4896544433732,17.1488421431485
82.4107368695714,17.2620198746724
82.3304064810447,17.3742527643034
82.2487558520697,17.4854731716342
82.1658775569231,17.5956134562575
82.0818641698817,17.7046059777661
81.996808265222,17.8123830957528
81.9108024172209,17.9188771698103
81.823939200155,18.0240205595313
81.7363111883009,18.1277456245087
81.6480109559355,18.2299847243352
81.5591310773353,18.3306702186036
81.4697641267771,18.4297344669065
81.3800026785376,18.5271098288369
81.2899393068934,18.6227286639874
81.1996665861213,18.7165233319507
81.1092770904979,18.8084261923198
81.0188633943,18.8983696046872
80.9285180718042,18.9862859286458
80.8383336972872,19.0721075237884
80.7484028450257,19.1557667497077
80.6585064355225,19.237392314761
80.5665377149781,19.3183096519963
80.4721685148197,19.3987361386667
80.3754997096561,19.4786198629808
80.2766321740961,19.5579089131469
80.1756667827485,19.6365513773737
80.0727044102221,19.7144953438695
79.9678459311257,19.7916889008429
79.8611922200681,19.8680801365024
79.7528441516582,19.9436171390564
79.6429026005046,20.0182479967135
79.5314684412163,20.0919207976821
79.418642548402,20.1645836301706
79.3045257966706,20.2361845823877
79.1892190606308,20.3066717425417
79.0728232148914,20.3759931988412
78.9554391340613,20.4440970394947
78.8371676927493,20.5109313527106
78.7181097655641,20.5764442266974
78.5983662271145,20.6405837496636
78.4780379520095,20.7032980098177
78.3572258148577,20.7645350953682
78.2360306902679,20.8242430945236
78.1145534528491,20.8823700954923
77.9928949772099,20.9388641864828
77.8711561379592,20.9936734557037
77.7494378097059,21.0467459913633
77.6278408670586,21.0980298816703
77.5064661846262,21.1474732148331
77.3854146370175,21.1950240790601
77.2647870988413,21.2406305625599
77.1446844447065,21.2842407535409
77.024926938812,21.3262699346957
76.9045338326987,21.3684054853754
76.7834339811619,21.4107456180533
76.6616541166235,21.4532223454964
76.5392209715051,21.4957676804719
76.4161612782286,21.5383136357466
76.2925017692156,21.5807922240877
76.1682691768878,21.6231354582622
76.0434902336671,21.665275351037
75.9181916719752,21.7071439151793
75.7924002242337,21.7486731634561
75.6661426228645,21.7897951086345
75.5394456002892,21.8304417634813
75.4123358889296,21.8705451407638
75.2848402212074,21.9100372532488
75.1569853295444,21.9488501137035
75.0287979463622,21.9869157348949
74.9003048040828,22.02416612959
74.7715326351276,22.0605333105558
74.6425081719186,22.0959492905594
74.5132581468773,22.1303460823678
74.3838092924257,22.1636556987481
74.2541883409854,22.1958101524673
74.124422024978,22.2267414562923
73.9945370768255,22.2563816229903
73.8645602289495,22.2846626653283
73.7345182137717,22.3115165960733
73.6044377637139,22.3368754279924
73.4743456111977,22.3606711738525
73.3442684886451,22.3828358464208
73.2142331284776,22.4033014584641
73.084266263117,22.4220000227497
72.9543946249851,22.4388635520445
72.8246449465035,22.4538240591155
72.6950439600941,22.4668135567298
72.5656183981785,22.4777640576544
72.4363949931785,22.4866075746564
72.3074004775158,22.4932761205027
72.1786615836122,22.4977017079605
72.0502050438893,22.4998163497967
71.9219775040069,22.4996028927062
71.7936771691967,22.4972583796117
71.6652768171059,22.4928767509366
71.5367818249497,22.4865346017408
71.4081975699431,22.4783085270843
71.279529429301,22.4682751220271
71.1507827802386,22.4565109816293
71.0219629999708,22.4430927009509
70.8930754657127,22.4280968750519
70.7641255546792,22.4116000989922
70.6351186440854,22.393678967832
70.5060601111464,22.3744100766312
70.3769553330771,22.3538700204498
70.2478096870926,22.3321353943478
70.1186285504078,22.3092827933853
69.9894173002379,22.2853888126222
69.8601813137978,22.2605300471186
69.7309259683025,22.2347830919345
69.6016566409671,22.2082245421299
69.4723787090066,22.1809309927647
69.343097549636,22.1529790388991
69.2138185400704,22.124445275593
69.0845470575247,22.0954062979064
68.955288479214,22.0659387008994
68.8260481823533,22.0361190796319
68.6968315441576,22.006024029164
68.567643941842,21.9757301445557
68.4384907526215,21.9453140208669
68.309377353711,21.9148522531578
68.1803091223257,21.8844214364882
68.0512914356804,21.8540981659183
67.9223296709903,21.823959036508
67.7934292054705,21.7940806433173
67.6645954163358,21.7645395814063
67.5358336808013,21.7354124458349
67.407149376082,21.7067758316633
67.2785478793931,21.6787063339513
67.1500345679494,21.651280547759
67.021614818966,21.6245750681464
66.8932939347198,21.5986649151986
66.7650459296402,21.5729805878425
66.6368458991413,21.5470224030995
66.5086925695475,21.5207979193812
66.3805846671834,21.494314695099
66.2525209183732,21.4675802886642
66.1245000494413,21.4406022584884
65.9965207867122,21.4133881629829
65.8685818565102,21.3859455605591
65.7406819851598,21.3582820096285
65.6128198989852,21.3304050686025
65.4849943243109,21.3023222958926
65.3572039874614,21.27404124991
65.2294476147608,21.2455694890663
65.1017239325338,21.2169145717729
64.9740316671046,21.1880840564412
64.8463695447977,21.1590855014826
64.7187362919373,21.1299264653085
64.5911306348481,21.1006145063304
64.4635512998542,21.0711571829596
64.3359970132801,21.0415620536077
64.2084665014502,21.011836676686
64.0809584906889,20.9819886106059
63.9534717073205,20.9520254137789
63.8260048776695,20.9219546446164
63.6985567280603,20.8917838615298
63.5711259848172,20.8615206229305
63.4437113742646,20.8311724872299
63.3163116227269,20.8007470128396
63.1889254565286,20.7702517581708
63.0615516019939,20.739694281635
62.9341887854473,20.7090821416436
62.8068357332132,20.6784228966081
62.6794911716159,20.6477241049399
62.5521538269799,20.6169933250504
62.4248224256296,20.5862381153509
62.2974956938892,20.5554660342531
62.1701723580833,20.5246846401681
62.0428511445362,20.4939014915076
61.9155307795723,20.4631241466828
61.788209989516,20.4323601641052
61.6608875006917,20.4016171021863
61.5335620394237,20.3709025193375
61.4062323320365,20.3402239739701
61.2788971048544,20.3095890244956
61.1515550842019,20.2790052293255
61.0242049964033,20.2484801468711
60.896845567783,20.2180213355438
60.7694755246654,20.1876363537552
60.6420935933749,20.1573327599165
60.5146985002358,20.1271181124393
60.3872893516259,20.096997669241
60.259909457014,20.0667091829789
60.1325864980279,20.0360851994962
60.0053168956287,20.0051475280794
59.8780970707774,19.973917978015
59.750923444435,19.9424183585895
59.6237924375625,19.9106704790896
59.496700471121,19.8786961488017
59.3696439660715,19.8465171770123
59.2426193433749,19.8141553730081
59.1156230239924,19.7816325460755
58.9886514288849,19.7489705055011
58.8617009790135,19.7161910605713
58.7347680953392,19.6833160205729
58.607849198823,19.6503671947922
58.4809407104259,19.6173663925158
58.354039051109,19.5843354230303
58.2271406418333,19.5512960956222
58.1002419035598,19.518270219578
57.9733392572495,19.4852796041842
57.8464291238634,19.4523460587275
57.7195079243627,19.4194913924943
57.5925720797082,19.3867374147712
57.465618010861,19.3541059348446
57.3386421387822,19.3216187620013
57.2116408844327,19.2892977055275
57.0846106687736,19.2571645747101
56.957547912766,19.2252411788353
56.8304490373707,19.1935493271899
56.7033104635489,19.1621108290602
56.5761286122616,19.130947493733
56.4488999044698,19.1000811304946
56.3216207611345,19.0695335486316
56.1942876032167,19.0393265574307
56.0668968516775,19.0094819661782
55.939444927478,18.9800215841607
55.811928251579,18.9509672206649
55.6843432449416,18.9223406849771
55.5566863285269,18.894163786384
55.4289539232959,18.8664583341721
55.3011424502095,18.8392461376279
55.173248330229,18.8125490060379
55.0452679843151,18.7863887486888
54.917197833429,18.7607871748669
54.7890342985317,18.7357660938589
54.6607738005842,18.7113473149514
54.5324161003209,18.6874016008597
54.4039778462673,18.6631418319117
54.2754635363275,18.6384870208679
54.1468751745777,18.6134791599456
54.0182147650936,18.5881602413618
53.8894843119513,18.5625722573337
53.7606858192268,18.5367572000784
53.6318212909959,18.510757061813
53.5028927313348,18.4846138347547
53.3739021443192,18.4583695111205
53.2448515340252,18.4320660831277
53.1157429045288,18.4057455429932
52.9865782599059,18.3794498829344
52.8573596042324,18.3532210951682
52.7280889415843,18.3271011719118
52.5987682760377,18.3011321053824
52.4693996116683,18.275355887797
52.3399849525523,18.2498145113727
52.2105263027655,18.2245499683268
52.081025666384,18.1996042508763
51.9514850474836,18.1750193512384
51.8219064501404,18.1508372616302
51.6922918784303,18.1270999742687
51.5626433364292,18.1038494813712
51.4329628282132,18.0811277751547
51.3032523578581,18.0589768478365
51.17351392944,18.0374386916335
51.0437495470348,18.016555298763
50.9139612147185,17.996368661442
50.784150936567,17.9769207718877
50.6543207166562,17.9582536223172
50.5244725590622,17.9404092049477
50.3946084678609,17.9234295119962
50.2647304471283,17.9073565356799
50.1348405009403,17.8922322682158
50.0049406333729,17.8780987018213
49.875032848502,17.8649978287133
49.7451191504037,17.8529716411089
49.6152015431538,17.8420621312254
49.4852820308283,17.8323112912799
49.3553626175033,17.8237611134893
49.2254453072545,17.816453590071
49.0955321041581,17.810430713242
48.9656250122899,17.8057344752194
48.835726035726,17.8024068682204
48.7058371785422,17.800489884462
48.5759454541436,17.8000126331611
48.4454958079228,17.8005152136896
48.3142470004484,17.8017425990079
48.1822542139677,17.8036835586799
48.0495726307285,17.8063268622691
47.9162574329783,17.8096612793392
47.7823638029647,17.813675579454
47.6479469229353,17.8183585321771
47.5130619751375,17.8236989070722
47.3777641418191,17.8296854737031
47.2421086052276,17.8363070016333
47.1061505476106,17.8435522604266
46.9699451512156,17.8514100196466
46.8335475982902,17.8598690488571
46.6970130710821,17.8689181176218
46.5603967518387,17.8785459955043
46.4237538228077,17.8887414520683
46.2871394662366,17.8994932568776
46.1506088643731,17.9107901794957
46.0142171994646,17.9226209894865
45.8780196537589,17.9349744564135
45.7420714095034,17.9478393498405
45.6064276489457,17.9612044393312
45.4711435543334,17.9750584944492
45.3362743079141,17.9893902847582
45.2018750919354,18.004188579822
45.0680010886449,18.0194421492041
44.93470748029,18.0351397624684
44.8020494491185,18.0512701891785
44.6700821773779,18.067822198898
44.5388608473157,18.0847845611908
44.4084406411795,18.1021460456204
44.278876741217,18.1198954217505
44.1502243296757,18.1380214591449
44.0225385888032,18.1565129273672
43.8958747008469,18.1753585959811
43.7702878480547,18.1945472345503
43.6458332126739,18.2140676126385
43.5225659769522,18.2339084998094
43.4005413231372,18.2540586656267
43.2798144334765,18.274506879654
43.1604404902175,18.2952419114551
43.042474675608,18.3162525305936
42.9259721718954,18.3375275066333
42.8109881613274,18.3590556091377
42.6975778261516,18.3808256076707
42.5857812769228,18.4028578360625
42.4745225362136,18.4274840882134
42.3631386311434,18.456090333191
42.2516648510333,18.4885846816954
42.1401364852044,18.5248752444268
42.0285888229777,18.5648701320853
41.9170571536743,18.608477455371
41.8055767666152,18.655605324984
41.6941829511214,18.7061618516244
41.5829109965141,18.7600551459924
41.4717961921141,18.8171933187881
41.3608738272427,18.8774844807116
41.2501791912208,18.9408367424631
41.1397475733695,19.0071582147425
41.0296142630098,19.0763570082502
40.9198145494627,19.1483412336861
40.8103837220494,19.2230190017505
40.7013570700909,19.3002984231434
40.5927698829081,19.3800876085649
40.4846574498222,19.4622946687153
40.3770550601542,19.5468277142945
40.2699980032252,19.6335948560028
40.1635215683561,19.7225042045402
40.0576610448681,19.8134638706069
39.9524517220821,19.9063819649029
39.8479288893193,20.0011665981285
39.7441278359007,20.0977258809837
39.6410838511472,20.1959679241687
39.5388322243801,20.2958008383835
39.4374082449202,20.3971327343284
39.3368472020887,20.4998717227033
39.2371843852066,20.6039259142085
39.1384550835949,20.7092034195441
39.0406945865747,20.8156123494101
38.9439381834671,20.9230608145067
38.848221163593,21.0314569255341
38.7535788162736,21.1407087931923
38.6600464308298,21.2507245281815
38.5676592965828,21.3614122412018
38.4764527028535,21.4726800429533
38.3864619389631,21.5844360441361
38.2977222942325,21.6965883554504
38.2102690579828,21.8090450875962
38.124137519535,21.9217143512738
38.0393629682102,22.0345042571832
37.9559806933295,22.1473229160245
37.8740259842138,22.2600784384979
37.7935341301843,22.3726789353035
37.7145404205619,22.4850325171414
37.6370801446678,22.5970472947117
37.5611885918229,22.7086313787146
37.4869010513484,22.8196928798501
37.4142528125652,22.9301399088184
37.3432791647944,23.0398805763197
37.274015397357,23.148822993054
37.2064967995742,23.2568752697214
37.1407586607669,23.3639455170221
37.0768362702561,23.4699418456563
37.014764917363,23.5747723663239
36.9538611103752,23.6791460738611
36.8924723675229,23.7849037017221
36.8306077984173,23.89208266811
36.7683505856158,24.0006388478115
36.7057839116762,24.1105281156132
36.6429909591558,24.2217063463017
36.5800549106121,24.3341294146636
36.5170589486028,24.4477531954856
36.4540862556852,24.5625335635541
36.3912200144169,24.6784263936559
36.3285434073555,24.7953875605775
36.2661396170584,24.9133729391055
36.2040918260832,25.0323384040265
36.1424832169873,25.1522398301271
36.0813969723282,25.273033092194
36.0209162746636,25.3946740650137
35.9611243065509,25.5171186233728
35.9021042505476,25.6403226420579
35.8439392892112,25.7642419958557
35.7867126050992,25.8888325595527
35.7305073807693,26.0140502079356
35.6754067987787,26.1398508157909
35.6214940416852,26.2661902579052
35.5688522920462,26.3930244090652
35.5175647324191,26.5203091440574
35.4677145453616,26.6480003376685
35.4193849134311,26.776053864685
35.3726590191852,26.9044255998936
35.3276200451813,27.0330714180809
35.2843511739771,27.1619471940334
35.2429355881299,27.2910088025377
35.2034564701973,27.4202121183805
35.1659970027368,27.5495130163484
35.1306403683059,27.678867371228
35.0974697494622,27.8082310578058
35.0665683287632,27.9375599508685
35.0380192887663,28.0668099252026
35.0119058120291,28.1959368555948
34.9883110811091,28.3248966168317
34.9673182785638,28.4536450836999
34.9490105869507,28.582138130986
34.9334711888274,28.7103316334765
34.9207832667513,28.8381814659582
34.91103000328,28.9656435032175
34.904294580971,29.0926736200411
34.9006601823817,29.2192276912156
34.9000602002854,29.3453162832373
34.9008552083432,29.4715239936213
34.9025599402064,29.598013520509
34.9051572478646,29.7247765876369
34.9086299833075,29.8518049187412
34.9129609985247,29.9790902375584
34.9181331455058,30.1066242678245
34.9241292762404,30.2343987332762
34.9309322427181,30.3624053576495
34.9385248969285,30.4906358646809
34.9468900908612,30.6190819781067
34.9560106765058,30.7477354216631
34.9658695058519,30.8765879190866
34.9764494308892,31.0056311941134
34.9877333036072,31.1348569704799
34.9997039759956,31.2642569719224
35.012344300044,31.3938229221771
35.0256371277419,31.5235465449805
35.0395653110789,31.6534195640688
35.0541117020448,31.7834337031784
35.069259152629,31.9135806860456
35.0849905148212,32.0438522364066
35.1012886406111,32.1742400779979
35.1181363819881,32.3047359345558
35.135516590942,32.4353315298165
35.1534121194622,32.5660185875164
35.1718058195385,32.6967888313918
35.1906805431604,32.827633985179
35.2100191423176,32.9585457726144
35.2298044689996,33.0895159174343
35.2500193751961,33.2205361433749
35.2706467128966,33.3515981741727
35.2916693340908,33.4826937335639
35.3130700907683,33.6138145452848
35.3348318349186,33.7449523330719
35.3569374185315,33.8760988206613
35.3793696935964,34.0072457317895
35.4021115121031,34.1383847901927
35.4251457260411,34.2695077196072
35.4484551873999,34.4006062437695
35.4720227481693,34.5316720864157
35.4958312603389,34.6626969712823
35.5198635758981,34.7936726221055
35.5441025468368,34.9245907626217
35.5685310251443,35.0554431165671
35.5931318628105,35.1862214076782
35.6178879118248,35.3169173596912
35.6427820241769,35.4475226963424
35.6677970518563,35.5780291413682
35.6929158468528,35.7084284185049
35.7181212611558,35.8387122514889
35.743396146755,35.9688723640563
35.7687233556401,36.0989004799436
35.7940857398006,36.2287883228871
35.8194661512261,36.3585276166231
35.8448474419062,36.4881100848879
35.8702124638306,36.6175274514178
35.8955440689888,36.7467714399492
35.9208251093704,36.8758337742184
35.9460384369651,37.0047061779617
35.9711669037625,37.1333803749154
35.9961933617522,37.2618480888158
36.0211006629237,37.3901010433994
36.0458716592667,37.5181309624022
36.0704892027709,37.6459295695608
36.0949361454257,37.7734885886115
36.1196729067687,37.9008335970166
36.1456878540366,38.0280340000176
36.1729839185849,38.1550948224261
36.2015309676103,38.2820188315411
36.2312988683095,38.4088087946615
36.2622574878791,38.5354674790861
36.2943766935158,38.6619976521139
36.3276263524163,38.7884020810437
36.3619763317773,38.9146835331745
36.3973964987955,39.0408447758052
36.4338567206675,39.1668885762347
36.47132686459,39.2928177017619
36.5097767977598,39.4186349196857
36.5491763873734,39.5443429973051
36.5894955006276,39.6699447019189
36.630704004719,39.795442800826
36.6727717668444,39.9208400613254
36.7156686542004,40.0461392507159
36.7593645339836,40.1713431362966
36.8038292733908,40.2964544853661
36.8490327396187,40.4214760652236
36.8949447998639,40.5464106431679
36.9415353213232,40.6712609864979
36.9887741711931,40.7960298625126
37.0366312166704,40.9207200385107
37.0850763249517,41.0453342817913
37.1340793632337,41.1698753596532
37.1836101987132,41.2943460393954
37.2336386985868,41.4187490883168
37.2841347300511,41.5430872737162
37.3350681603029,41.6673633628926
37.3864088565389,41.7915801231448
37.4381266859556,41.9157403217719
37.4901915157498,42.0398467260727
37.5425732131183,42.1639021033462
37.5952416452575,42.2879092208911
37.6481666793644,42.4118708460065
37.7013181826354,42.5357897459912
37.7546660222673,42.6596686881442
37.8081800654568,42.7835104397643
37.8618301794006,42.9073177681506
37.9155862312953,43.0310934406018
37.9694180883376,43.1548402244169
38.0232956177242,43.2785608868948
38.0771886866518,43.4022581953344
38.1310671623171,43.5259349170346
38.1849009119167,43.6495938192944
38.2386598026473,43.7732376694126
38.2923137017057,43.8968692346881
38.3458324762884,44.0204912824199
38.3991859935922,44.1441065799069
38.4523441208137,44.2677178944479
38.5052767251496,44.391327993342
38.5579536737967,44.5149396438879
38.6103448339515,44.6385556133846
38.6624200728108,44.762178669131
38.7141492575713,44.885811578426
38.7655022554296,45.0094571085686
38.8164489335824,45.1331180268576
38.8669591592263,45.256797100592
38.9170027995582,45.3804970970706
38.9665497217746,45.5042207835924
39.0155697930722,45.6279709274563
39.0640328806477,45.7517502959611
39.1119088516979,45.8755616564058
39.1591675734193,45.9994077760894
39.2057789130086,46.1232914223106
39.2517127376626,46.2472153623685
39.2969389145779,46.3711823635619
39.3414273109512,46.4951951931898
39.3851477939791,46.6192566185509
39.4280702308584,46.7433694069444
39.4701644887858,46.867536325669
39.5114004349578,46.9917601420237
39.5517479365713,47.1160436233074
39.5911768608228,47.2403895368189
39.6296570749091,47.3648006498573
39.6671584460268,47.4892797297214
39.7036508413727,47.6138295437101
39.7391041281433,47.7384528591223
39.7734881735355,47.863152443257
39.8067728447457,47.987931063413
39.8389280089709,48.1127914868893
39.8699235334075,48.2377364809847
39.8997292852523,48.3627688129983
39.9283151317021,48.4878912502288
39.9556509399533,48.6131065599752
39.9817065772029,48.7384175095364
40.0064519106473,48.8638268662113
40.0298568074834,48.9893373972989
40.0518911349077,49.1149518700979
40.072524760117,49.2406730519074
40.0917275503079,49.3665037100263
40.1094693726772,49.4924466117535
40.1257200944215,49.6185045243877
40.1404495827374,49.7446802152281
40.1536277048218,49.8709764515735
40.1652243278711,49.9973960007227
40.1752093190822,50.1239416299748
40.1835525456518,50.2506161066285
40.1902238747763,50.3774221979829
40.1951931736527,50.5043626713368
40.1984303094775,50.6314402939892
40.1999051494475,50.7586578332389
40.199890895177,50.8860787748284
40.1993302984175,51.01389080938
40.1982968016468,51.1420968140701
40.1967942966227,51.2706853751761
40.1948266751027,51.3996450789755
40.1923978288444,51.5289645117456
40.1895116496054,51.6586322597641
40.1861720291432,51.7886369093084
40.1823828592156,51.9189670466559
40.1781480315799,52.0496112580841
40.1734714379939,52.1805581298706
40.1683569702151,52.3117962482927
40.1628085200012,52.4433141996279
40.1568299791096,52.5751005701537
40.150425239298,52.7071439461476
40.143598192324,52.8394329138871
40.1363527299451,52.9719560596496
40.128692743919,53.1047019697125
40.1206221260032,53.2376592303535
40.1121447679553,53.3708164278498
40.1032645615329,53.5041621484791
40.0939853984936,53.6376849785187
40.084311170595,53.7713735042462
40.0742457695946,53.9052163119391
40.0637930872501,54.0392019878747
40.0529570153191,54.1733191183305
40.041741445559,54.3075562895841
40.0301502697276,54.441902087913
40.0181873795823,54.5763450995945
40.0058566668809,54.7108739109061
39.9931620233808,54.8454771081254
39.9801073408397,54.9801432775297
39.9666965110151,55.1148610053966
39.9529334256646,55.2496188780036
39.9388219765459,55.384405481628
39.9243660554165,55.5192094025474
39.909569554034,55.6540192270393
39.8944363641559,55.7888235413811
39.8789703775399,55.9236109318503
39.8631754859436,56.0583699847244
39.8470555811245,56.1930892862808
39.8306145548402,56.327757422797
39.8138562988483,56.4623629805505
39.7967847049065,56.5968945458187
39.7794036647722,56.7313407048791
39.7617170702031,56.8656900440093
39.7437288129568,56.9999311494866
39.7254427847908,57.1340526075885
39.7068628774627,57.2680430045926
39.6879929827302,57.4018909267762
39.6688369923508,57.5355849604168
39.649398798082,57.669113691792
39.6296822916816,57.8024657071792
39.609691364907,57.9356295928559
39.5894299095159,58.0685939350995
39.5689018172658,58.2013473201874
39.5481109799143,58.3338783343973
39.5270612892191,58.4661755640065
39.5057566369376,58.5982275952926
39.4842009148276,58.7300230145329
39.4623980146465,58.861550408005
39.440351828152,58.9927983619863
39.4180662471016,59.1237554627543
39.395545163253,59.2544102965865
39.3727924683637,59.3847514497604
39.3498120541913,59.5147675085534
39.3266078124934,59.6444470592429
39.3031836350276,59.7737786881066
39.2795434135514,59.9027509814218
39.2556910398226,60.0313525254659
39.2316304055985,60.1595719065166
39.2073654026369,60.2873977108512
39.1828999226953,60.4148185247472
39.1582378575313,60.5418229344821
39.1333830989025,60.6683995263334
39.1083395385665,60.7945368865786
39.0831110682809,60.920223601495
39.0577015798032,61.0454482573602
39.032114964891,61.1701994404516
39.006355115302,61.2944657370468
38.9804259227937,61.4182357334232
38.9543312791237,61.5414980158582
38.9280750760495,61.6642411706294
38.9016612053289,61.7864537840141
38.8750935587193,61.90812444229
38.8483760279783,62.0292417317344
38.8215125048636,62.1497942386248
38.7945068811327,62.2697705492387
38.7673630485432,62.3891592498536
38.7400848988527,62.5079489267469
38.7126763238188,62.6261281661961
38.6851412151991,62.7436855544787
38.6574834647511,62.8606096778721
38.6297069642324,62.9768891226539
38.6018156054007,63.0925124751015
38.5730282731527,63.2078149536619
38.5423554849053,63.3232293190632
38.5098190498541,63.438745107808
38.4754445808641,63.5543501830652
38.4392576908005,63.6700324080034
38.4012839925281,63.7857796457916
38.361549098912,63.9015797595984
38.3200786228172,64.0174206125927
38.2768981771087,64.1332900679433
38.2320333746516,64.2491759888188
38.1855098283109,64.3650662383882
38.1373531509515,64.4809486798202
38.0875889554385,64.5968111762835
38.0362428546369,64.712641590947
37.9833404614118,64.8284277869794
37.928907388628,64.9441576275495
37.8729692491508,65.0598189758262
37.8155516558449,65.1753996949782
37.7566802215756,65.2908876481741
37.6963805592078,65.406270698583
37.6346782816065,65.5215367093735
37.5715990016367,65.6366735437145
37.5071683321635,65.7516690647746
37.4414118860518,65.8665111357227
37.3743552761667,65.9811876197275
37.3060241153731,66.095686379958
37.2364440165362,66.2099952795828
37.1656405925209,66.3241021817706
37.0936394561923,66.4379949496904
37.0204662204153,66.5516614465109
36.946146498055,66.6650895354008
36.8707059019763,66.778267079529
36.7941700450443,66.8911819420642
36.7165645401241,67.0038219861752
36.6379150000806,67.1161750750308
36.5582470377788,67.2282290717998
36.4775862660838,67.339971839651
36.3959582978606,67.4513912417531
36.3133887459742,67.5624751412749
36.2299032232895,67.6732114013853
36.1455273426717,67.7835878852529
36.0602867169857,67.8935924560466
35.9742069590966,68.0032129769352
35.8873136818694,68.1124373110874
35.799632498169,68.2212533216721
35.7111890208605,68.329648871858
35.622008862809,68.4376118248138
35.5321176368794,68.5451300437084
35.4415409559367,68.6521913917106
35.350304432846,68.7587837319891
35.2584336804722,68.8648949277128
35.1659543116805,68.9705128420504
35.0728919393357,69.0756253381706
34.979272176303,69.1802202792423
34.8851206354474,69.2842855284343
34.7904629296337,69.3878089489153
34.6953246717272,69.4907784038541
34.5997314745927,69.5931817564196
34.5037089510954,69.6950068697804
34.4072827141001,69.7962416071054
34.310478376472,69.8968738315633
34.213321551076,69.996891406323
34.1158378507772,70.0962821945532
34.0180528884405,70.1950340594227
33.9199922769311,70.2931348641003
33.8216816291139,70.3905724717548
33.7231465578538,70.4873347455549
33.6244126760161,70.5834095486694
33.5255055964655,70.6787847442672
33.4264509320673,70.7734481955169
33.3272742956863,70.8673877655874
33.2280013001877,70.9605913176476
33.1286575584363,71.053046714866
33.0292686832973,71.1447418204116
32.9298602876356,71.2356644974531
32.8304579843163,71.3258026091593
32.7310873862044,71.4151440186989
32.6317741061649,71.5036765892409
32.5325437570628,71.5913881839538
32.4334219517631,71.6782666660066
32.3344343031308,71.7642998985681
32.235606424031,71.8494757448069
32.1369639273287,71.9337820678918
32.0385324258888,72.0172067309918
31.9403375325765,72.0997375972755
31.8424048602566,72.1813625299117
31.7447600217943,72.2620693920692
31.6474286300546,72.3418460469168
31.5504362979024,72.4206803576233
31.4538086382028,72.4985601873574
31.3575712638208,72.575473399288
31.2617497876214,72.6514078565838
31.166285075814,72.7264362058436
31.070209045488,72.801532036682
30.9732518215972,72.8769532201997
30.8754270489566,72.9526720648464
30.776748372381,73.0286608790719
30.6772294366854,73.1048919713263
30.5768838866847,73.1813376500593
30.4757253671937,73.2579702237208
30.3737675230274,73.3347620007608
30.2710239990007,73.411685289629
30.1675084399284,73.4887123987753
30.0632344906256,73.5658156366497
29.958215795907,73.642967311702
29.8524660005877,73.720139732382
29.7459987494824,73.7973052071397
29.6388276874062,73.8744360444248
29.5309664591738,73.9515045526874
29.4224287096003,74.0284830403772
29.3132280835005,74.1053438159442
29.2033782256894,74.1820591878381
29.0928927809817,74.258601464509
28.9817853941926,74.3349429544066
28.8700697101367,74.4110559659808
28.7577593736291,74.4869128076815
28.6448680294847,74.5624857879585
28.5314093225183,74.6377472152619
28.4173968975449,74.7126693980413
28.3028443993794,74.7872246447467
28.1877654728366,74.861385263828
28.0721737627315,74.935123563735
27.956082913879,75.0084118529176
27.839506571094,75.0812224398258
27.7224583791914,75.1535276329092
27.6049519829861,75.2252997406179
27.4870010272929,75.2965110714017
27.3686191569269,75.3671339337105
27.249820016703,75.4371406359941
27.1306172514359,75.5065034867024
27.0110245059407,75.5751947942854
26.8910554250321,75.6431868671928
26.7707236535253,75.7104520138745
26.650042836235,75.7769625427805
26.5290266179761,75.8426907623605
26.4076886435635,75.9076089810645
26.2860425578122,75.9716895073423
26.1641020055371,76.0349046496439
26.0418806315531,76.097226716419
25.919392080675,76.1586280161175
25.7966499977178,76.2190808571895
25.6736680274964,76.2785575480845
25.5504598148256,76.3370303972527
25.4270390045205,76.3944717131438
25.3034192413958,76.4508538042078
25.1796141702666,76.5061489788944
25.0556374359477,76.5603295456536
24.9315026832539,76.6133678129352
24.8072235570003,76.6652360891891
24.6828137020017,76.7159066828652
24.5582867630731,76.7653519024134
24.4336563850292,76.8135440562835
24.3089362126851,76.8604554529254
24.1841398908557,76.906058400789
24.0592810643558,76.9503252083241
23.9343733780003,76.9932281839807
23.8094304766042,77.0347396362086
23.6844660049824,77.0748318734576
23.5594936079498,77.1134772041776
23.4345269303212,77.1506479368186
23.3095796169115,77.1863163798304
23.1846653125358,77.2204548416628
23.0597976620089,77.2530356307658
22.9349903101456,77.2840310555892
22.810256901761,77.3134134245828
22.6856110816698,77.3411550461966
22.5610664946871,77.3672282288805
22.4366367856276,77.3916052810842
22.3123355993064,77.4142585112577
22.1881765805383,77.4351602278509
22.0641733741383,77.4542827393136
21.9403396249211,77.4715983540957
21.8166889777019,77.487079380647
21.6932341288287,77.5007008187499
21.5696397543401,77.5134275341074
21.4456336190712,77.5260537620224
21.3212244914376,77.5385782489107
21.1964211398546,77.5509997411885
21.0712323327378,77.5633169852717
20.9456668385027,77.5755287275763
20.8197334255648,77.5876337145183
20.6934408623394,77.5996306925137
20.5667979172422,77.6115184079786
20.4398133586885,77.6232956073288
20.3124959550938,77.6349610369804
20.1848544748737,77.6465134433494
20.0568976864435,77.6579515728518
19.9286343582189,77.6692741719036
19.8000732586152,77.6804799869207
19.6712231560479,77.6915677643193
19.5420928189325,77.7025362505152
19.4126910156845,77.7133841919244
19.2830265147194,77.724110334963
19.1531080844526,77.734713426047
19.0229444932996,77.7451922115923
18.8925445096758,77.7555454380149
18.7619169019969,77.7657718517309
18.6310704386782,77.7758701991562
18.5000138881352,77.7858392267069
18.3687560187834,77.7956776807989
18.2373055990383,77.8053843078482
18.1056713973153,77.8149578542708
17.97386218203,77.8243970664827
17.8418867215977,77.8337006909
17.7097537844341,77.8428674739385
17.5774721389544,77.8518961620144
17.4450505535744,77.8607855015435
17.3124977967093,77.8695342389419
17.1798226367747,77.8781411206256
17.0470338421861,77.8866048930106
16.9141401813589,77.8949243025129
16.7811504227086,77.9030980955485
16.6480733346507,77.9111250185333
16.5149176856007,77.9190038178834
16.381692243974,77.9267332400147
16.2484057781862,77.9343120313433
16.1150670566526,77.9417389382851
15.9816848477889,77.9490127072562
15.8482679200103,77.9561320846725
15.7148250417325,77.9630958169501
15.5813649813709,77.9699026505049
15.447896507341,77.9765513317529
15.3144283880583,77.9830406071102
15.1809693919382,77.9893692229927
15.0475282873962,77.9955359258163
14.9141138428477,78.0015394619972
14.7807348267084,78.0073785779513
14.6474000073936,78.0130520200946
14.5141181533188,78.0185585348431
14.3808980328995,78.0238968686128
14.2477484145512,78.0290657678197
14.1146780666893,78.0340639788797
13.9816957577294,78.038890248209
13.8488102560868,78.0435433222234
13.7160303301771,78.048021947339
13.5833647484158,78.0523248699717
13.4508222792183,78.0564508365376
13.3184116910002,78.0603985934527
13.1861417521768,78.0641668871329
13.0540212311637,78.0677544639943
12.9220588963763,78.0711600704528
12.7902635162301,78.0743824529245
12.6586438591406,78.0774203578252
12.5272086935233,78.0802725315712
12.3959667877937,78.0829377205782
12.2649269103671,78.0854146712623
12.1340978296592,78.0877021300396
12.0034883140853,78.089798843326
11.873107132061,78.0917035575375
11.7429630520017,78.0934150190901
11.613064842323,78.0949319743998
11.4834212714402,78.0962531698826
11.3540411077688,78.0973773519545
11.2249331197244,78.0983032670314
11.0961060757224,78.0990296615295
10.9675687441784,78.0995552818646
10.8393298935076,78.0998788744528
10.7113982921258,78.09999918571
10.5835956602007,78.0993574980126
10.4556676725635,78.097185588031
10.3276197250444,78.0935002702919
10.1994590061358,78.0883237393859
10.0711927043302,78.0816781899033
9.94282800812011,78.0735858164348
9.81437210599805,78.0640688135709
9.68583218645646,78.0531493759019
9.55721543798786,78.0408496980185
9.42852904908477,78.027191974511
9.29978020823965,78.0121983999701
9.17097610394501,77.9958911689862
9.04212392469335,77.9782924761498
8.91323085897717,77.9594245160515
8.78430409528896,77.9393094832816
8.65535082212124,77.9179695724307
8.52637822796646,77.8954269780894
8.39739350131715,77.871703894848
8.26840383066579,77.8468225172971
8.13941640450488,77.8208050400273
8.01043841132695,77.7936736576289
7.88147703962444,77.7654505646926
7.75253947788988,77.7361579558087
7.62363291461575,77.7058180255678
7.49476453829456,77.6744529685604
7.3659415374188,77.642084979377
7.23717110048099,77.6087362526081
7.10846041597358,77.5744289828442
6.97981667238909,77.5391853646757
6.85124705822002,77.5030275926933
6.72275876195886,77.4659778614873
6.59435897209811,77.4280583656483
6.4660548771303,77.3892912997668
6.33785366554786,77.3496988584332
6.20976252584331,77.3093032362382
6.08178864650917,77.2681266277721
5.95393921603791,77.2261912276254
5.82622142292206,77.1835192303888
5.69864245565408,77.1401328306526
5.57120950272647,77.0960542230074
5.44392975263174,77.0513056020436
5.31681039386238,77.0059091623518
5.18985861491089,76.9598870985225
5.0630816042698,76.9132616051461
4.93648655043153,76.8660548768132
4.81008064188863,76.8182891081143
4.68387106713358,76.7699864936397
4.55786501465887,76.7211692279802
4.43206967295702,76.6718595057261
4.30649223052054,76.622079521468
4.18113987584186,76.5718514697963
4.05601979741353,76.5211975453015
3.93113918372802,76.4701399425742
3.80650522327785,76.4187008562048
3.68212510455552,76.3669024807839
3.55800601605349,76.3147670109019
3.43415514626427,76.2623166411494
3.31057968368037,76.2095735661168
3.18728681679428,76.1565599803946
3.0642837340985,76.1032980785733
2.94157762408554,76.0498100552436
2.81917567524788,75.9961181049957
2.69708507607799,75.9422444224202
2.57531301506839,75.8882112021077
2.45386668071158,75.8340406386486
2.33275326150005,75.7797549266334
2.21197994592631,75.7253762606527
2.09155392248286,75.6709268352969
1.97148237966216,75.6164288451564
1.85177250595673,75.5619044848219
1.73243148985907,75.5073759488839
1.61346651986167,75.4528654319327
1.49488478445702,75.3983951285589
1.37669347213766,75.3439872333531
1.25889977139602,75.2896639409057
1.14151087072463,75.2354474458071
1.02453395861598,75.181359942648
0.907976223562567,75.1274236260188
0.791844854056919,75.07366069051
0.676147038591475,75.0200933307121
0.560889965658763,74.9667437412155
0.446080823751274,74.9136341166109
0.331726801361505,74.8607866514887
0.217835086981955,74.8082235404394
0.104241193583715,74.7555264387458
-0.00935300627698515,74.7019271392554
-0.122945971284851,74.64742116214
-0.236530207004833,74.5920192537299
-0.350098219001884,74.5357321603556
-0.463642512840955,74.4785706283478
-0.577155594086971,74.4205454040369
-0.690629968304935,74.3616672337535
-0.804058141059772,74.301946863828
-0.917432617916435,74.241395040591
-1.03074590443987,74.180022510373
-1.14399050619502,74.1178400195045
-1.25715892874686,74.0548583143161
-1.37024367766034,73.9910881411382
-1.4832372585004,73.9265402463014
-1.59613217683199,73.8612253761362
-1.70892093822006,73.7951542769731
-1.82159604822955,73.7283376951427
-1.93415001242545,73.6607863769754
-2.04657533637269,73.5925110688018
-2.15886452563622,73.5235225169523
-2.27101008578099,73.4538314677576
-2.38300452237195,73.3834486675482
-2.49484034097403,73.3123848626545
-2.60651004715223,73.240650799407
-2.71800614647148,73.1682572241363
-2.82932114449673,73.095214883173
-2.94044754679293,73.0215345228475
-3.051377858925,72.9472268894903
-3.16210458645793,72.8723027294321
-3.27262023495668,72.7967727890032
-3.38291730998619,72.7206478145341
-3.49298831711141,72.6439385523556
-3.60282576189728,72.566655748798
-3.71242214990877,72.4888101501918
-3.82176998671079,72.4104125028676
-3.93086177786834,72.331473553156
-4.03969002894636,72.2520040473873
-4.1482472455098,72.1720147318922
-4.2565259331236,72.0915163530012
-4.36451859735271,72.0105196570447
-4.47221774376208,71.9290353903533
-4.57961587791668,71.8470742992576
-4.68670550538146,71.764647130088
-4.79347913172136,71.6817646291751
-4.89992926250134,71.5984375428493
-5.00604840328632,71.5146766174412
-5.11182905964129,71.4304925992814
-5.2172637371312,71.3458962347003
-5.32234494132099,71.2608982700284
-5.4270651777756,71.1755094515963
-5.53141695206,71.0897405257345
-5.63539276973911,71.0036022387736
-5.73898513637793,70.9171053370439
-5.84218655754139,70.8302605668761
-5.94498953879443,70.7430786746007
-6.04738658570202,70.6555704065482
-6.14937020382909,70.567746509049
-6.25093289874058,70.4796177284338
-6.35206717600149,70.3911948110331
-6.45276554117674,70.3024885031773
-6.55302049983129,70.213509551197
-6.65282455753009,70.1242687014227
-6.75217021983807,70.034776700185
-6.85104999232021,69.9450442938143
-6.94945638054146,69.8550822286411
-7.04738189006676,69.764901250996
-7.14481902646107,69.6745121072096
-7.24176029528933,69.5839255436122
-7.33819820211648,69.4931523065345
-7.4341252525075,69.402203142307
-7.52953395202734,69.3110887972601
-7.62441680624094,69.2198200177244
-7.71876632071325,69.1284075500305
-7.81257500100922,69.0368621405088
-7.90583535269379,68.9451945354898
-7.99853988133195,68.8534154813042
-8.09068109248862,68.7615357242823
-8.18225149172877,68.6695660107547
-8.27324358461733,68.577517087052
-8.36364987671925,68.4853996995046
-8.45346287359951,68.3932245944431
-8.54267508082305,68.301002518198
-8.63127900395481,68.2087442170998
-8.71926714855975,68.116460437479
-8.80663202020282,68.0241619256662
-8.89336612444895,67.9318594279919
-8.97946196686313,67.8395636907865
-9.06491205301029,67.7472854603807
-9.14970888845539,67.6550354831049
-9.23388450913679,67.5627741931508
-9.31779322653674,67.4700525103826
-9.40151887226476,67.3767668400184
-9.48505898158012,67.2829235401475
-9.56841108974204,67.1885289688594
-9.65157273200979,67.0935894842435
-9.73454144364259,66.9981114443892
-9.81731475989967,66.902101207386
-9.89989021604033,66.8055651313232
-9.98226534732378,66.7085095742903
-10.0644376890093,66.6109408943767
-10.146404776356,66.5128654496718
-10.2281641446233,66.414289598265
-10.3097133290704,66.3152196982457
-10.3910498649565,66.2156621077035
-10.4721712875409,66.1156231847276
-10.5530751320827,66.0151092874075
-10.6337589338414,65.9141267738326
-10.714220228076,65.8126820020924
-10.7944565500459,65.7107813302763
-10.8744654350102,65.6084311164736
-10.9542444182283,65.5056377187738
-11.0337910349594,65.4024074952664
-11.1131028204627,65.2987468040406
-11.1921773099975,65.194662003186
-11.271012038823,65.090159450792
-11.3496045421984,64.985245504948
-11.4279523553831,64.8799265237434
-11.5060530136362,64.7742088652676
-11.583904052217,64.66809888761
-11.6615030063848,64.5616029488602
-11.7388474113987,64.4547274071074
-11.8159348025181,64.3474786204411
-11.8927627150021,64.2398629469507
-11.9693286841101,64.1318867447257
-12.0456302451012,64.0235563718554
-12.1216649332348,63.9148781864293
-12.19743028377,63.8058585465367
-12.2729238319661,63.6965038102673
-12.3481431130824,63.5868203357102
-12.423085662378,63.476814480955
-12.4977490151123,63.366492604091
-12.5721307065445,63.2558610632078
-12.6462282719338,63.1449262163946
-12.7200392465395,63.033694421741
-12.7935611656208,62.9221720373363
-12.8667915644369,62.81036542127
-12.9397279782472,62.6982809316314
-13.0123679423108,62.5859249265101
-13.0847089918871,62.4733037639954
-13.1567486622351,62.3604238021767
-13.2284844886143,62.2472913991434
-13.2999140062838,62.1339129129851
-13.3710347505029,62.020294701791
-13.4418442565308,61.9064431236506
-13.5123400596267,61.7923645366534
-13.58251969505,61.6780652988887
-13.6523806980598,61.563551768446
-13.7219206039155,61.4488303034147
-13.7911369478762,61.3339072618842
-13.8600272652012,61.2187890019439
-13.9285890911497,61.1034818816832
-13.996819960981,60.9879922591916
-14.0647174099544,60.8723264925585
-14.132278973329,60.7564909398732
-14.1995021863641,60.6404919592253
-14.266384584319,60.5243359087042
-14.332923702453,60.4080291463992
-14.3991170760251,60.2915780303997
-14.4649622402948,60.1749889187952
-14.5304567305213,60.0582681696752
-14.5955980819637,59.9414221411289
-14.6603838298813,59.824457191246
-14.7248115095335,59.7073796781157
-14.7888786561793,59.5901959598274
-14.8525828050782,59.4729123944707
-14.9159214914892,59.3555353401349
-14.9788922506718,59.2380711549094
-15.041492617885,59.1205261968837
-15.1037201283881,59.0029068241472
-15.1655723174405,58.8852193947892
-15.2270467203013,58.7674702668993
-15.2881408722298,58.6496657985668
-15.3488523084853,58.5318123478812
-15.4091785643269,58.4139162729318
-15.4691171750139,58.2959839318081
-15.5286656758057,58.1780216825995
-15.5878216019613,58.0600358833955
-15.6465824887401,57.9420328922853
-15.7049458714012,57.8240190673586
-15.7629092852041,57.7060007667046
-15.8204702654078,57.5879843484129
-15.8776263472717,57.4699761705727
-15.9343750660549,57.3519825912736
-15.9907139570168,57.2340099686049
-16.0466405554165,57.1160646606562
-16.1021523965134,56.9981530255167
-16.1572470155667,56.8802814212759
-16.2119219478355,56.7624562060233
-16.2661747285792,56.6446837378482
-16.320002893057,56.52697037484
-16.3734039765282,56.4093224750883
-16.4263755142519,56.2917463966823
-16.4789150414875,56.1742484977116
-16.5310200934941,56.0568351362655
-16.5826882055311,55.9395126704335
-16.6340880796717,55.8222135728471
-16.6857736098076,55.7046993415545
-16.7377716694038,55.5869536594238
-16.7900646330966,55.4689792244659
-16.842634875522,55.3507787346917
-16.8954647713166,55.2323548881121
-16.9485366951164,55.1137103827383
-17.0018330215578,54.9948479165809
-17.0553361252772,54.8757701876511
-17.1090283809106,54.7564798939597
-17.1628921630945,54.6369797335178
-17.2169098464651,54.5172724043362
-17.2710638056587,54.3973606044259
-17.3253364153115,54.2772470317979
-17.3797100500598,54.156934384463
-17.4341670845399,54.0364253604323
-17.4886898933881,53.9157226577167
-17.5432608512407,53.7948289743271
-17.5978623327338,53.6737470082745
-17.6524767125039,53.5524794575698
-17.7070863651872,53.4310290202239
-17.7616736654198,53.3093983942479
-17.8162209878382,53.1875902776527
-17.8707107070787,53.0656073684492
-17.9251251977773,52.9434523646483
-17.9794468345706,52.8211279642611
-18.0336579920946,52.6986368652983
-18.0877410449858,52.5759817657711
-18.1416783678803,52.4531653636903
-18.1954523354145,52.3301903570669
-18.2490453222246,52.2070594439119
-18.3024397029469,52.0837753222361
-18.3556178522176,51.9603406900505
-18.4085621446731,51.8367582453661
-18.4612549549497,51.7130306861938
-18.5136786576835,51.5891607105446
-18.5658156275109,51.4651510164295
-18.6176482390682,51.3410043018592
-18.6691588669916,51.2167232648449
-18.7203298859173,51.0923106033974
-18.7711436704818,50.9677690155277
-18.8215825953212,50.8431011992468
-18.8716290350718,50.7183098525656
-18.9212653643699,50.593397673495
-18.9704739578518,50.4683673600459
-19.0192371901538,50.3432216102294
-19.067537435912,50.2179631220564
-19.1153570697629,50.0925945935378
-19.1626784663426,49.9671187226846
-19.2094840002875,49.8415382075077
-19.2557560462338,49.715855746018
-19.3014769788179,49.5900740362266
-19.3466291726758,49.4641957761443
-19.3911950024441,49.3382236637821
-19.4351568427588,49.2121603971509
-19.4784970682564,49.0860086742618
-19.521198053573,48.9597711931256
-19.563242173345,48.8334506517532
-19.6046118022086,48.7070497481557
-19.6452893148001,48.580571180344
-19.6852570857557,48.454017646329
-19.7244974897119,48.3273918441217
-19.7629929013047,48.200696471733
-19.8007256951705,48.0739342271738
-19.8376782459457,47.9471078084552
-19.8738329282663,47.820219913588
-19.9091721167688,47.6932732405832
-19.9436781860894,47.5662704874518
-19.9773335108643,47.4392143522047
-20.01012046573,47.3121075328528
-20.0420214253225,47.1849527274071
-20.0730187642782,47.0577526338785
-20.1030948572334,46.930509950278
-20.1322320788244,46.8032273746165
-20.1604128036873,46.675907604905
-20.1876194064586,46.5485533391544
-20.2138342617745,46.4211672753758
-20.2390397442712,46.2937521115799
-20.263218228585,46.1663105457777
-20.2863520893522,46.0388452759803
-20.3084237012091,45.9113590001985
-20.3294154387919,45.7838544164433
-20.349309676737,45.6563342227257
-20.3680887896806,45.5288011170565
-20.3857351522589,45.4012577974468
-20.4022311391083,45.2737069619075
-20.417559124865,45.1461513084494
-20.4317014841653,45.0185935350837
-20.4446405916455,44.8910363398212
-20.4563588219418,44.7634824206729
-20.4668385496906,44.6359344756496
-20.4760621495281,44.5083952027625
-20.4840119960905,44.3808673000223
-20.4906704640142,44.2533534654401
-20.4960199279354,44.1258563970268
-20.5000428689474,43.9983787765723
-20.5033993022748,43.8708205688442
-20.5067278226052,43.7430870307188
-20.510028417123,43.6151812191318
-20.5133010730127,43.4871061910185
-20.5165457774588,43.3588650033143
-20.5197625176459,43.2304607129549
-20.5229512807584,43.1018963768757
-20.5261120539809,42.9731750520121
-20.5292448244978,42.8442997952996
-20.5323495794937,42.7152736636737
-20.535426306153,42.5860997140699
-20.5384749916602,42.4567810034237
-20.5414956231999,42.3273205886705
-20.5444881879566,42.1977215267459
-20.5474526731147,42.0679868745853
-20.5503890658587,41.9381196891241
-20.5532973533733,41.8081230272978
-20.5561775228428,41.677999946042
-20.5590295614517,41.5477535022921
-20.5618534563847,41.4173867529836
-20.5646491948261,41.286902755052
-20.5674167639605,41.1563045654328
-20.5701561509723,41.0255952410613
-20.5728673430461,40.8947778388731
-20.5755503273665,40.7638554158037
-20.5782050911177,40.6328310287887
-20.5808316214845,40.5017077347633
-20.5834299056513,40.3704885906631
-20.5859999308026,40.2391766534236
-20.5885416841228,40.1077749799803
-20.5910551527966,39.9762866272686
-20.5935403240083,39.8447146522241
-20.5959971849426,39.7130621117822
-20.5984257227838,39.5813320628784
-20.6008259247166,39.4495275624482
-20.6031977779253,39.3176516674269
-20.6055412695946,39.1857074347502
-20.6078563869089,39.0536979213535
-20.6101431170527,38.9216261841722
-20.6124014472105,38.789495280142
-20.6146313645668,38.6573082661981
-20.6168328563062,38.5250681992761
-20.619005909613,38.3927781363116
-20.6211505116719,38.2604411342399
-20.6232666496674,38.1280602499966
-20.6253543107838,37.995638540517
-20.6274134822058,37.8631790627368
-20.6294441511179,37.7306848735913
-20.6314463047044,37.5981590300161
-20.6334199301501,37.4656045889467
-20.6353650146392,37.3330246073185
-20.6372815453564,37.2004221420669
-20.6391695094862,37.0678002501275
-20.641028894213,36.9351619884358
-20.6428596867213,36.8025104139272
-20.6446618741957,36.6698485835372
-20.6464354438207,36.5371795542013
-20.6481803827807,36.4045063828549
-20.6498966782603,36.2718321264336
-20.6515843174439,36.1391598418728
-20.6532432875161,36.006492586108
-20.6548735756614,35.8738334160747
-20.6564751690643,35.7411853887083
-20.6580480549092,35.6085515609443
-20.6595922203807,35.4759349897183
-20.6611076526633,35.3433387319656
-20.6625943389415,35.2107658446218
-20.6640522663997,35.0782193846224
-20.6654814222225,34.9457024089028
-20.6668817935945,34.8132179743985
-20.6682533677,34.6807691380449
-20.6695961317236,34.5483589567776
-20.6709100728498,34.4159904875321
-20.6721951782631,34.2836667872437
-20.673451435148,34.1513909128481
-20.674678830689,34.0191659212806
-20.6758773520706,33.8869948694768
-20.6770469864773,33.754880814372
-20.6781877210936,33.6228268129019
-20.6792995431041,33.4908359220019
-20.6803824396931,33.3589111986075
-20.6814363980453,33.227055699654
-20.6824614053451,33.0952724820771
-20.683457448777,32.9635646028122
-20.6844245155255,32.8319351187948
-20.6853625927752,32.7003870869603
-20.6862716677105,32.5689235642442
-20.6871517275159,32.437547607582
-20.6880027593759,32.3062622739093
-20.6888247504751,32.1750706201614
-20.6896176879979,32.0439757032738
-20.6903815591289,31.9129805801821
-20.6911163510525,31.7820883078216
-20.6918220509533,31.6513019431279
-20.6924986460157,31.5206245430365
-20.6931461234242,31.3900591644828
-20.6937644703634,31.2596088644024
-20.6943536740178,31.1292766997306
-20.6949137215718,30.999065727403
-20.69544460021,30.868979004355
-20.6959462971168,30.7390195875222
-20.6964187994768,30.60919053384
-20.6968620944745,30.4794949002438
-20.6972761692943,30.3499357436692
-20.6976610111208,30.2205161210516
-20.6980166071385,30.0912390893266
-20.6983429445319,29.9621077054295
-20.6986400104854,29.8331250262959
-20.6989077921837,29.7042941088613
-20.6991462768111,29.5756180100611
-20.6993554515521,29.4470997868308
-20.6995353035914,29.3187424961059
-20.6996858201134,29.1905491948219
-20.6998069883026,29.0625229399141
-20.6998987953434,28.9346667883183
-20.6999612284205,28.8069837969697
-20.6999942747182,28.6794770228038
-20.699916782451,28.5521295464213
-20.698889123941,28.4247370775915
-20.6966988286866,28.2972484851868
-20.6933577175905,28.1696677278373
-20.6888776115551,28.0419987641733
-20.6832703314827,27.9142455528247
-20.676547698276,27.7864120524217
-20.6687215328373,27.6585022215944
-20.6598036560691,27.530520018973
-20.649805888874,27.4024694031876
-20.6387400521542,27.2743543328683
-20.6266179668124,27.1461787666452
-20.613451453751,27.0179466631485
-20.5992523338724,26.8896619810082
-20.5840324280792,26.7613286788545
-20.5678035572737,26.6329507153176
-20.5505775423584,26.5045320490274
-20.5323662042359,26.3760766386142
-20.5131813638085,26.2475884427081
-20.4930348419788,26.1190714199392
-20.4719384596492,25.9905295289376
-20.4499040377222,25.8619667283334
-20.4269433971002,25.7333869767568
-20.4030683586857,25.6047942328379
-20.3782907433812,25.4761924552068
-20.3526223720891,25.3475856024936
-20.3260750657119,25.2189776333285
-20.298660645152,25.0903725063415
-20.270390931312,24.9617741801629
-20.2412777450944,24.8331866134227
-20.2113329074014,24.7046137647509
-20.1805682391357,24.5760595927779
-20.1489955611997,24.4475280561336
-20.1166266944958,24.3190231134482
-20.0834734599266,24.1905487233519
-20.0495476783944,24.0621088444747
-20.0148611708018,23.9337074354467
-19.9794257580512,23.8053484548982
-19.9432532610451,23.6770358614591
-19.906355500686,23.5487736137597
-19.8687442978763,23.4205656704301
-19.8304314735184,23.2924159901004
-19.7914288485149,23.1643285314006
-19.7517482437682,23.0363072529609
-19.7114014801808,22.9083561134115
-19.6704003786551,22.7804790713825
-19.6287567600937,22.6526800855039
-19.5864824453989,22.524963114406
-19.5435892554732,22.3973321167187
-19.5000890112192,22.2697910510724
-19.4559935335392,22.142343876097
-19.4113146433358,22.0149945504227
-19.3660641615114,21.8877470326796
-19.3202539089684,21.7606052814979
-19.2738957066094,21.6335732555076
-19.2270013753367,21.5066549133389
-19.1795827360529,21.3798542136219
-19.1316516096605,21.2531751149867
-19.0832198170618,21.1266215760635
-19.0342991791595,21.0001975554823
-18.9849015168558,20.8739070118734
-18.9350386510533,20.7477539038667
-18.8847224026545,20.6217421900925
-18.8339645925618,20.4958758291809
-18.7827770416777,20.3701587797619
-18.7311715709046,20.2445950004657
-18.6791600011451,20.1191884499225
-18.6267541533015,19.9939430867623
-18.5739658482764,19.8688628696152
-18.5208069069722,19.7439517571115
-18.4672891502914,19.6192137078811
-18.4134243991365,19.4946526805543
-18.3592244744098,19.3702726337611
-18.3047011970139,19.2460775261317
-18.2498663878513,19.1220713162963
-18.1947318678244,18.9982579628848
-18.1393094578356,18.8746414245275
-18.0836109787875,18.7512256598544
-18.0276482515825,18.6280146274957
-17.971433097123,18.5050122860816
-17.9149773363116,18.382222594242
-17.8582927900507,18.2596495106072
-17.8013912792428,18.1372969938073
-17.7442846247903,18.0151690024723
-17.6869846475956,17.8932694952325
-17.6295031685614,17.7716024307179
-17.57185200859,17.6501717675587
-17.5140429885838,17.528981464385
-17.4560879294455,17.4080354798269
-17.3979986520773,17.2873377725144
-17.3397869773818,17.1668923010779
-17.2814647262615,17.0467030241473
-17.2230437196188,16.9267739003527
-17.1645357783562,16.8071088883244
-17.1059527233762,16.6877119466925
-17.0473063755811,16.568587034087
-16.9886085558736,16.449738109138
-16.929871085156,16.3311691304758
-16.8711057843308,16.2128840567304
-16.8123244743005,16.0948868465319
-16.7535389759675,15.9771814585105
-16.6947611102344,15.8597718512963
-16.6360026980035,15.7426619835194
-16.5772755601773,15.6258558138099
-16.5185915176584,15.5093573007979
-16.4599623913491,15.3931704031137
-16.401400002152,15.2772990793872
-16.3429161709694,15.1617472882486
-16.284522718704,15.0465189883282
-16.2262314662581,14.9316181382558
-16.1680542345342,14.8170486966618
-16.1100028444347,14.7028146221761
-16.0520891168621,14.5889198734289
-15.994324872719,14.4753684090505
-15.9367219329077,14.3621641876707
-15.8792921183308,14.2493111679199
-15.8220472498906,14.1368133084281
-15.7649991484897,14.0246745678254
-15.7081596350305,13.912898904742
-15.6515405304155,13.8014902778079
-15.5951503758335,13.6904503420341
-15.5384877159967,13.5794247248288
-15.4811888366433,13.46816318527
-15.423258391796,13.3566757661218
-15.3647010354774,13.2449725101484
-15.30552142171,13.1330634601139
-15.2457242045164,13.0209586587825
-15.1853140379192,12.9086681489183
-15.1242955759411,12.7962019732853
-15.0626734726045,12.6835701746479
-15.0004523819322,12.5707827957701
-14.9376369579467,12.4578498794161
-14.8742318546706,12.3447814683499
-14.8102417261265,12.2315876053359
-14.7456712263369,12.1182783331379
-14.6805250093245,12.0048636945203
-14.6148077291118,11.8913537322471
-14.5485240397216,11.7777584890826
-14.4816785951762,11.6640880077908
-14.4142760494984,11.5503523311359
-14.3463210567108,11.436561501882
-14.2778182708359,11.3227255627932
-14.2087723458963,11.2088545566338
-14.1391879359146,11.0949585261678
-14.0690696949134,10.9810475141594
-13.9984222769154,10.8671315633728
-13.927250335943,10.7532207165721
-13.855558526019,10.6393250165213
-13.7833515011658,10.5254545059847
-13.7106339154061,10.4116192277263
-13.6374104227624,10.2978292245104
-13.5636856772574,10.1840945391011
-13.4894643329137,10.0704252142625
-13.4147510437539,9.95683129275879
-13.3395504638004,9.84332281735405
-13.263867247076,9.72990983081244
-13.1877060476033,9.61660237589817
-13.1110715194048,9.50341049537527
-13.0339683165031,9.39034423200792
-12.9564010929208,9.27741362856029
-12.8783745026805,9.16462872779649
-12.7998931998047,9.05199957248068
-12.7209618383162,8.939536205377
-12.6415850722375,8.82724866924958
-12.5617675555911,8.71514700686256
-12.4815139423998,8.6032412609801
-12.4008288866859,8.49154147436633
-12.3197170424723,8.38005768978543
-12.2381830637814,8.26879995000145
-12.1562316046358,8.15777829777859
-12.0738673190582,8.04700277588098
-11.9910948610711,7.93648342707276
-11.9079188846971,7.82623029411808
-11.8243440439588,7.71625341978107
-11.7403749928789,7.60656284682588
-11.6560163854798,7.49716861801664
-11.5712728757843,7.3880807761175
-11.4861491178148,7.2793093638926
-11.400649765594,7.17086442410608
-11.3147794731445,7.06275599952213
-11.2285428944889,6.95499413290479
-11.1419446836497,6.84758886701825
-11.0549894946496,6.74055024462666
-10.9676819815111,6.63388830849415
-10.8800267982569,6.52761310138486
-10.7920285989095,6.42173466606294
-10.7036920374916,6.31626304529253
-10.6150217680256,6.21120828183776
-10.5260224445343,6.10658041846278
-10.4366987210402,6.00238949793173
-10.3470552515659,5.8986455630088
-10.257096690134,5.79535865645803
-10.1668276907671,5.69253882104362
-10.0762529074878,5.59019609952969
-9.9853769943186,5.4883405346804
-9.89420460528221,5.38698216925989
-9.80274039440118,5.28613104603228
-9.7109890156981,5.18579720776174
-9.61895512319558,5.08599069721239
-9.52664337091619,4.98672155714839
-9.43405841288255,4.88799983033385
-9.34120490311727,4.78983555953299
-9.24808749564287,4.69223878750984
-9.15471084448199,4.59521955702859
-9.06107960365722,4.49878791085338
-8.96719842719115,4.40295389174836
-8.87307196910638,4.30772754247766
-8.7787048834255,4.21311890580542
-8.68410182417109,4.1191380244958
-8.58926744536577,4.02579494131291
-8.49420640103211,3.93309969902092
-8.39892334519272,3.84106234038395
-8.30342293187018,3.74969290816616
-8.20770981508713,3.65900144513171
-8.11178864886608,3.56899799404468
-8.01566408722967,3.47969259766923
-7.91934078420048,3.39109529876952
-7.82282339380112,3.30321614010969
-7.72611657005417,3.21606516445387
-7.62922496698224,3.1296524145662
-7.5321532386079,3.04398793321083
-7.43490603895376,2.9590817631519
-7.33748802204241,2.87494394715355
-7.23990384189644,2.79158452797991
-7.14215815253849,2.70901354839517
-7.04425560799106,2.6272410511634
-6.94620086227679,2.54627707904877
-6.84799856941829,2.46613167481542
-6.74965338343812,2.38681488122749
-6.6511699583589,2.30833674104913
-6.55255294820322,2.23070729704447
-6.45380700699366,2.15393659197766
-6.35493678875283,2.07803466861284
-6.25594694750331,2.00301156971414
-6.1568421372677,1.92887733804572
-6.05762701206863,1.85564201637173
-5.95830622592861,1.78331564745626
-5.85888443287029,1.71190827406349
-5.75936628691624,1.64142993895755
-5.65975644208907,1.57189068490258
-5.56005955241141,1.50330055466275
-5.46028027190577,1.43566959100215
-5.36042325459479,1.36900783668495
-5.26049315450105,1.30332533447528
-5.16049462564715,1.23863212713729
-5.06037951924261,1.17488133502051
-4.95965462614793,1.111541646452
-4.85820532225588,1.04848106750336
-4.75604075998662,0.985700164759145
-4.65317009176033,0.923199504803954
-4.54960246999707,0.860979654222302
-4.44534704711704,0.799041179598787
-4.34041297554038,0.737384647517977
-4.23480940768724,0.676010624564441
-4.12854549597777,0.614919677322749
-4.02163039283211,0.554112372377471
-3.91407325067042,0.493589276313175
-3.80588322191283,0.43335095571443
-3.69706945897951,0.373397977165807
-3.58764111429059,0.313730907251873
-3.47760734026627,0.254350312557226
-3.3669772893266,0.195256759666381
-3.25576011389179,0.136450815163934
-3.14396496638196,0.0779330456344554
-3.03160099921729,0.019704017662513
-2.9186773648179,-0.0382357021673234
-2.80520321560396,-0.0958855472704843
-2.6911877039956,-0.153244951062401
-2.57663998241297,-0.210313346958503
-2.46156920327623,-0.267090168374222
-2.34598451900551,-0.323574848724989
-2.22989508202098,-0.379766821426234
-2.11331004474281,-0.435665519893363
-1.99623855959107,-0.491270377541857
-1.87868977898595,-0.54658082778712
-1.7606728553476,-0.601596304044585
-1.64219694109617,-0.656316239729682
-1.52327118865179,-0.710740068257841
-1.40390475043463,-0.764867223044493
-1.28410677886482,-0.818697137505069
-1.16388642636252,-0.872229245055
-1.04325284534788,-0.925462979109716
-0.922215188241029,-0.978397773084648
-0.800782607462184,-1.0310330603952
-0.678964255431383,-1.08336827445686
-0.556769284568826,-1.13540284868502
-0.43420684729466,-1.18713621649513
-0.311286096029033,-1.2385678113026
-0.188016183192092,-1.28969706652287
-0.0644062612039864,-1.34052341557138
0.0595345175151385,-1.39104629186354
0.183797000545134,-1.4412651288148
0.308372035465851,-1.49117935984058
0.433250469857144,-1.54078841835632
0.558423151298811,-1.59009173777742
0.683880927370812,-1.63908875151935
0.809614645652946,-1.68777889299753
0.935615153725064,-1.73616159562739
1.06187329916702,-1.78423629282435
1.18837992955867,-1.83200241800386
1.31512589247985,-1.87945940458133
1.44210203551043,-1.9266066859722
1.56929920623026,-1.9734436955919
1.69670825221919,-2.01996986685586
1.82432002105707,-2.06618463317952
1.95212536032375,-2.11208742797829
2.08011511759904,-2.1576776846676
2.20828014046288,-2.20295483666292
2.33661127649509,-2.24791831737964
2.46509937327551,-2.29256756023322
2.593735278384,-2.33690199863906
2.72250983940041,-2.38092106601262
2.85141390390459,-2.42462419576931
2.98043831947639,-2.46801082132457
3.10957393369566,-2.51108037609383
3.23881159414227,-2.55383229349252
3.36814214839605,-2.59626600693607
3.49755644403681,-2.63838094983989
3.62704532864451,-2.68017655561945
3.75659964979895,-2.72165225769017
3.88621025507998,-2.76280748946746
4.01586799206745,-2.80364168436677
4.14556370834121,-2.84415427580353
4.27528825148113,-2.88434469719316
4.40503246906704,-2.92421238195109
4.5347872086788,-2.96375676349276
4.66454331789627,-3.0029772752336
4.79429164429929,-3.04187335058904
4.92402303546766,-3.08044442297449
5.05372833898136,-3.11868992580541
5.18339840242016,-3.15660929249723
5.31302407336394,-3.19420195646536
5.44259619939253,-3.23146735112525
5.57210562808579,-3.26840490989232
5.70154320702357,-3.305014066182
5.83089978378573,-3.34129425340973
5.96016620595212,-3.37724490499093
6.08933332110259,-3.41286545434104
6.21839197681699,-3.44815533487548
6.34733302067517,-3.48311398000968
6.47614730025694,-3.51774082315907
6.60482566314225,-3.55203529773911
6.73335895691091,-3.5859968371652
6.86173802914276,-3.61962487485278
6.98995372741765,-3.65291884421728
7.11799689931545,-3.68587817867413
7.245858392416,-3.71850231163876
7.37352905429915,-3.75079067652661
7.5009997325447,-3.78274270675308
7.62826127473262,-3.81435783573364
7.75530452844269,-3.84563549688371
7.88212034125479,-3.87657512361871
8.00869956074875,-3.90717614935407
8.13503303450437,-3.93743800750522
8.26111161010161,-3.96736013148761
8.38692613512028,-3.99694195471666
8.51263078905565,-4.02637390434906
8.63846221798501,-4.05593209952667
8.76442080490506,-4.08560922797901
8.89050474380334,-4.11539538535472
9.0167122286674,-4.14528066730246
9.14304145348476,-4.17525516947089
9.26949061224297,-4.20530898750864
9.39605789892957,-4.23543221706438
9.52274150753204,-4.26561495378673
9.64953963203802,-4.29584729332438
9.77645046643501,-4.32611933132596
9.90347220471054,-4.35642116344012
10.0306030408522,-4.38674288531552
10.1578411688474,-4.4170745926008
10.2851847826838,-4.44740638094462
10.4126320763489,-4.47772834599562
10.5401812438302,-4.50803058340246
10.6678304791153,-4.53830318881379
10.7955779761917,-4.56853625787825
10.9234219290469,-4.5987198862445
11.0513605316685,-4.62884416956118
11.1793919780441,-4.65889920347696
11.3075144621612,-4.68887508364048
11.4357261780072,-4.71876190570039
11.5640253195698,-4.74854976530534
11.6924100808365,-4.77822875810398
11.8208786557948,-4.80778897974497
11.9494292384323,-4.83722052587694
12.0780600227364,-4.86651349214856
12.2067692026948,-4.89565797420848
12.335554972295,-4.92464406770534
12.4644155255245,-4.95346186828778
12.5933490563708,-4.98210147160448
12.7223537588216,-5.01055297330407
12.8514278268643,-5.03880646903522
12.9805694544864,-5.06685205444656
13.1097768356756,-5.09467982518675
13.2390481644193,-5.12227987690444
13.3683816347051,-5.14964230524827
13.4977754405205,-5.17675720586691
13.6272277758531,-5.203614674409
13.7567368346904,-5.23020480652319
13.88630081102,-5.25651769785813
14.0159178988292,-5.28254344406246
14.1455862921059,-5.30827214078485
14.2753041848374,-5.33369388367395
14.4050697710113,-5.35879876837841
14.5348812446151,-5.38357689054686
14.6647367996364,-5.40801834582798
14.7946346300628,-5.4321132298704
14.9245729298816,-5.45585163832277
15.0545498930806,-5.47922366683376
15.1845637136472,-5.502219411052
15.314612585569,-5.52482896662615
15.4446947028334,-5.54704242920484
15.5748082594281,-5.56884989443676
15.7049514493406,-5.59024145797054
15.8351224665585,-5.61120721545483
15.9653195050692,-5.63173726253828
16.0955407588602,-5.65182169486954
16.2257844219193,-5.67145060809726
16.3560486882338,-5.6906140978701
16.4863317517913,-5.7093022598367
16.6166318065794,-5.72750518964572
16.7469470465856,-5.7452129829458
16.8772756657974,-5.76241573538559
17.0076158582024,-5.77910354261375
17.1379658177881,-5.79526650027893
17.268323738542,-5.81089470402977
17.3986878144518,-5.82597824951494
17.5290562395048,-5.84050723238307
17.6594272076888,-5.85447174828282
17.7897989129911,-5.86786189286284
17.9201695493994,-5.88066776177178
18.0505373109012,-5.89287945065829
18.180900391484,-5.90448705517103
18.3112569851353,-5.91548067095863
18.4416052858427,-5.92585039366976
18.5719434875938,-5.93558631895306
18.7022697843761,-5.94467854245718
18.8325823701771,-5.95311715983078
18.9628794389843,-5.96089226672251
19.0931591847853,-5.96799395878101
19.2234198015677,-5.97441233165493
19.3536594833189,-5.98013748099294
19.4838764240265,-5.98515950244367
19.6140688176781,-5.98946849165578
19.7442348582612,-5.99305454427791
19.8743727397632,-5.99590775595873
20.0044806561719,-5.99801822234688
20.1345568014747,-5.999376039091
20.2645993696591,-5.99997130183976
20.3946216372498,-6
20.5246624563324,-6
20.6547239042194,-6
20.7848059691736,-6
20.9149086394579,-6
21.0450319033349,-6
21.1751757490674,-6
21.3053401649181,-6
21.4355251391498,-6
21.5657306600253,-6
21.6959567158073,-6
21.8262032947586,-6
21.9564703851419,-6
22.08675797522,-6
22.2170660532556,-6
22.3473946075115,-6
22.4777436262504,-6
22.6081130977351,-6
22.7385030102284,-6
22.8689133519929,-6
22.9993441112915,-6
23.1297952763868,-6
23.2602668355417,-6
23.390758777019,-6
23.5212710890813,-6
23.6518037599914,-6
23.7823567780121,-6
23.9129301314061,-6
24.0435238084361,-6
24.174137797365,-6
24.3047720864555,-6
24.4354266639703,-6
24.5661015181721,-6
24.6967966373238,-6
24.8275120096881,-6
24.9582476235277,-6
25.0890034671055,-6
25.2197795286841,-6
25.3505757965263,-6
25.4813922588948,-6
25.6122289040525,-6
25.743085720262,-6
25.8739626957862,-6
26.0048598188876,-6
26.1357770778293,-6
26.2667144608738,-6
26.3976719562839,-6
26.5286495523224,-6
26.6596472372521,-6
26.7906649993356,-6
26.9217028268358,-6
27.0527607080154,-6
27.1838386311371,-6
27.3149365844638,-6
27.4460545562581,-6
27.5771925347827,-6
27.7083505083006,-6
27.8395284650743,-6
27.9707263933668,-6
28.1019442814406,-6
28.2331821175587,-6
28.3644398899836,-6
28.4957175869783,-6
28.6270151968053,-6
28.7583327077276,-6
28.8896701080078,-6
29.0210273859087,-6
29.152404529693,-6
29.2838015276235,-6
29.415218367963,-6
29.5466550389743,-6
29.6781115289199,-6
29.8095878260628,-6
29.9410839186656,-6
30.0725997949912,-6
30.2041354433022,-6
30.3356908518615,-6
30.4672660089317,-6
30.5988609027756,-6
30.7304755216561,-6
30.8621098538358,-6
30.9937638875775,-6
